"able","acc","accuracy","average_response_time","avg_rt","background","breaking_variable","canvas_backend","card_mm","clock_backend","color_backend","compensation","coordinates","correct","correct_ITI1_keypress","correct_ITI2_keypress","correct_dot_response","correct_end_of_practice","correct_instructions_1","correct_keyboard_response","correct_new_keyboard_response","correct_new_mouse_response","correct_response","correct_screen_key","correct_trial_start_response","correct_volume_kbd","count_ITI1","count_ITI1_keypress","count_ITI2","count_ITI2_1","count_ITI2_keypress","count_ITI_prep","count_adjust_volume","count_beeper","count_block_2_loop","count_block_loop","count_block_sequence","count_break","count_catch","count_cross","count_dot_calibration","count_dot_calibration_1","count_dot_calibration_2","count_dot_calibration_3","count_dot_calibration_4","count_dot_calibration_5","count_dot_calibration_6","count_dot_calibration_7","count_dot_calibration_8","count_dot_calibration_9","count_dot_calibration_instructions","count_dot_calibration_loop","count_dot_calibration_prep","count_dot_calibration_sequence","count_dot_response","count_early_response_display","count_earlyresponse1","count_earlyresponse2","count_earlyresponse2_1","count_earlyresponse2_2","count_end_of_practice","count_experiment","count_experiment_end","count_experiment_instructions","count_experimental_loop","count_experimental_sequence","count_green_display","count_initial_volume","count_instructions","count_instructions_1","count_java_global_prep","count_keyboard_response","count_logger","count_new_keyboard_response","count_new_mouse_response","count_outside_loop","count_outside_sequence","count_practice_loop","count_practice_sequence","count_qualtrics","count_red_display","count_repeat_cycle","count_repeat_early_response","count_screen_info","count_screen_key","count_screen_loop","count_screen_measurements","count_screen_sequence","count_sound","count_stop_1","count_target","count_target_none","count_target_square","count_target_triangle","count_temporal_lead","count_trial_start","count_trial_start_response","count_volume_calibration","count_volume_kbd","count_volume_loop","count_volume_sequence","cursor_roi","cursor_x","cursor_y","datetime","delay_temporal_lead","description","disable_garbage_collection","early_response","empty_column","experiment_file","experiment_path","font_bold","font_family","font_italic","font_size","font_underline","foreground","form_clicks","fullscreen","height","incorrect_response","iti1","iti2","keyboard_backend","left_stim","line_y_pos","live_row","live_row_block_loop","live_row_experimental_loop","live_row_outside_loop","live_row_practice_loop","live_row_screen_loop","logfile","mouse_backend","opensesame_codename","opensesame_version","repeat_cycle","response","response_ITI1_keypress","response_ITI2_keypress","response_break","response_dot_calibration_instructions","response_dot_response","response_end_of_practice","response_experiment_end","response_experiment_instructions","response_instructions_1","response_keyboard_response","response_mouseclick_done","response_new_keyboard_response","response_new_mouse_response","response_screen_key","response_target_square","response_target_triangle","response_time","response_time_ITI1_keypress","response_time_ITI2_keypress","response_time_break","response_time_dot_calibration_instructions","response_time_dot_response","response_time_end_of_practice","response_time_experiment_end","response_time_experiment_instructions","response_time_instructions_1","response_time_keyboard_response","response_time_new_keyboard_response","response_time_new_mouse_response","response_time_screen_key","response_time_target_square","response_time_target_triangle","response_time_trial_start_response","response_time_volume_kbd","response_trial_start_response","response_volume_kbd","right_stim","round_decimals","sampler_backend","screen_test_x1","screen_test_x2","sound","sound_buf_size","sound_channels","sound_freq","sound_sample_size","start","stim_shape","subject_nr","subject_parity","time_ITI1","time_ITI1_keypress","time_ITI2","time_ITI2_1","time_ITI2_keypress","time_ITI_prep","time_adjust_volume","time_beeper","time_block_2_loop","time_block_loop","time_block_sequence","time_break","time_catch","time_cross","time_dot_calibration","time_dot_calibration_1","time_dot_calibration_2","time_dot_calibration_3","time_dot_calibration_4","time_dot_calibration_5","time_dot_calibration_6","time_dot_calibration_7","time_dot_calibration_8","time_dot_calibration_9","time_dot_calibration_instructions","time_dot_calibration_loop","time_dot_calibration_prep","time_dot_calibration_sequence","time_dot_response","time_early_response_display","time_earlyresponse1","time_earlyresponse2","time_earlyresponse2_1","time_earlyresponse2_2","time_end_of_practice","time_experiment","time_experiment_end","time_experiment_instructions","time_experimental_loop","time_experimental_sequence","time_green_display","time_initial_volume","time_instructions","time_instructions_1","time_java_global_prep","time_keyboard_response","time_logger","time_new_keyboard_response","time_new_mouse_response","time_outside_loop","time_outside_sequence","time_practice_loop","time_practice_sequence","time_qualtrics","time_red_display","time_repeat_cycle","time_repeat_early_response","time_screen_info","time_screen_key","time_screen_loop","time_screen_measurements","time_screen_sequence","time_sound","time_stop_1","time_target","time_target_none","time_target_square","time_target_triangle","time_temporal_lead","time_trial_start","time_trial_start_response","time_volume_calibration","time_volume_kbd","time_volume_loop","time_volume_sequence","title","total_correct","total_response_time","total_responses","trial_type","uniform_coordinates","vol","width"
"NA","75.26881720430107","75.26881720430107","667.4784476834132","667.4784476834132","black","yes","psycho","86","psycho","psycho","0","uniform","1","0","NA","NA","undefined","undefined","1","NA","NA","space","undefined","1","NA","30","30","NA","30","NA","30","NA","NA","NA","0","0","0","30","NA","NA","NA","NA","NA","NA","NA","NA","NA","NA","NA","0","0","NA","NA","NA","30","30","NA","NA","NA","0","0","0","NA","0","0","30","0","NA","0","0","30","0","NA","NA","0","0","0","29","0","30","NA","NA","0","0","0","0","0","30","NA","30","30","NA","NA","NA","30","30","0","NA","0","NA","NA","NA","NA","Mon Aug 23 13:47:59 2021","NA","The main experiment item","yes","0","","PIPmanip3.osexp","/Users/alex/Documents/GitHub/PIP/Stimulus code","no","mono","no","18","no","white","no","yes","768","None","1215.9658811204004","534.0341188795996","psycho","square","0","0","0","0","0","29","1","/Users/alex/Documents/GitHub/PIP/Stimulus code/subject-0.csv","psycho","Lentiform Loewenfeld","3.3.8","0","space","None","NA","NA","NA","NA","space","NA","NA","space","space","0","NA","NA","space","NA","NA","470.53804202005267","1215.04612499848","NA","NA","NA","NA","1506.0178330168128","NA","NA","1053.9763750275597","470.53804202005267","NA","NA","782.8745410079136","NA","NA","783.2301669986919","NA","return","NA","circle","2","psycho","-450","0","pip3","1024","2","48000","-16","experiment","NA","0","even","87081.77170797717","87081.8879159633","NA","88302.75945796166","NA","87078.93624994904","NA","NA","NA","86256.28066598438","86288.00512501039","NA","75194.89604094997","NA","NA","NA","NA","NA","NA","NA","NA","NA","NA","NA","NA","NA","NA","NA","NA","NA","88297.39079100545","NA","NA","NA","84738.82820794825","1432.0663750404492","NA","NA","86246.38137500733","86256.15154101979","88882.81608303078","NA","NA","3515.7606250140816","2559.43266605027","88406.34583297651","89378.93445801456","NA","NA","1432.2549579665065","2559.1224159579724","4580.293665989302","81770.70270804688","NA","30066.78654102143","NA","NA","3454.0672909934074","2662.531750043854","2559.509207960218","2662.1550830313936","2630.399415967986","88406.21849999297","NA","88406.17254097015","75301.82416597381","NA","NA","NA","86294.41079101525","86294.58433296531","NA","NA","NA","NA","ReactionTimeTask","70","62742.974082240835","94","1","yes","50","1024"
"NA","75","75","659.6247156201046","659.6247156201046","black","yes","psycho","86","psycho","psycho","0","uniform","0","1","NA","NA","undefined","undefined","0","NA","NA","None","undefined","1","NA","31","31","NA","31","NA","31","NA","NA","NA","0","1","0","31","NA","NA","NA","NA","NA","NA","NA","NA","NA","NA","NA","0","0","NA","NA","NA","31","31","NA","NA","NA","0","0","0","NA","0","0","31","0","NA","0","0","31","1","NA","NA","0","0","0","29","0","31","NA","NA","0","0","0","0","0","31","NA","31","31","NA","NA","NA","31","31","0","NA","0","NA","NA","NA","NA","Mon Aug 23 13:47:59 2021","NA","The main experiment item","yes","0","","PIPmanip3.osexp","/Users/alex/Documents/GitHub/PIP/Stimulus code","no","mono","no","18","no","white","no","yes","768","space","519.2696313914578","1230.7303686085422","psycho","triangle","0","1","1","0","0","29","1","/Users/alex/Documents/GitHub/PIP/Stimulus code/subject-0.csv","psycho","Lentiform Loewenfeld","3.3.8","0","space","None","NA","NA","NA","NA","space","NA","NA","space","space","0","NA","NA","space","NA","NA","428.1174170318991","519.046040950343","NA","NA","NA","NA","1506.0178330168128","NA","NA","1053.9763750275597","428.1174170318991","NA","NA","782.8745410079136","NA","NA","293.45987492706627","NA","return","NA","square","2","psycho","-450","0","pip3","1024","2","48000","-16","experiment","NA","0","even","89759.58962494042","89759.70562500879","NA","90283.29695796128","NA","89756.84520800132","NA","NA","NA","86256.28066598438","89457.54070801195","NA","75194.89604094997","NA","NA","NA","NA","NA","NA","NA","NA","NA","NA","NA","NA","NA","NA","NA","NA","NA","90279.17550003622","NA","NA","NA","84738.82820794825","1432.0663750404492","NA","NA","86246.38137500733","86256.15154101979","88882.81608303078","NA","NA","3515.7606250140816","2559.43266605027","90386.78254093975","91316.12370803487","NA","NA","1432.2549579665065","2559.1224159579724","4580.293665989302","81770.70270804688","NA","90819.953624974","NA","NA","3454.0672909934074","2662.531750043854","2559.509207960218","2662.1550830313936","2630.399415967986","90386.66066597216","NA","90386.62062503863","75301.82416597381","NA","NA","NA","89461.959999986","89462.09875005297","NA","NA","NA","NA","ReactionTimeTask","72","63983.59741515014","97","1","yes","50","1024"
"NA","74.74747474747475","74.74747474747475","658.5905712307431","658.5905712307431","black","yes","psycho","86","psycho","psycho","0","uniform","1","0","NA","NA","undefined","undefined","1","NA","NA","space","undefined","1","NA","32","32","NA","32","NA","32","NA","NA","NA","0","2","0","32","NA","NA","NA","NA","NA","NA","NA","NA","NA","NA","NA","0","0","NA","NA","NA","32","32","NA","NA","NA","0","0","0","NA","0","0","32","0","NA","0","0","32","2","NA","NA","0","0","0","29","0","32","NA","NA","0","0","0","0","0","32","NA","32","32","NA","NA","NA","32","32","0","NA","0","NA","NA","NA","NA","Mon Aug 23 13:47:59 2021","NA","The main experiment item","yes","0","","PIPmanip3.osexp","/Users/alex/Documents/GitHub/PIP/Stimulus code","no","mono","no","18","no","white","no","yes","768","None","1195.8807056213936","554.1192943786064","psycho","square","0","2","2","0","0","29","1","/Users/alex/Documents/GitHub/PIP/Stimulus code/subject-0.csv","psycho","Lentiform Loewenfeld","3.3.8","0","space","None","NA","NA","NA","NA","space","NA","NA","space","space","0","NA","NA","space","NA","NA","399.4883749401197","1195.0277920113876","NA","NA","NA","NA","1506.0178330168128","NA","NA","1053.9763750275597","399.4883749401197","NA","NA","782.8745410079136","NA","NA","280.9435409726575","NA","return","NA","circle","2","psycho","-450","0","blank","1024","2","48000","-16","experiment","NA","0","even","91672.01883299276","91672.12829098571","NA","92873.57900000643","NA","91669.29279104806","NA","NA","NA","86256.28066598438","91382.63041595928","NA","75194.89604094997","NA","NA","NA","NA","NA","NA","NA","NA","NA","NA","NA","NA","NA","NA","NA","NA","NA","92867.60770797264","NA","NA","NA","84738.82820794825","1432.0663750404492","NA","NA","86246.38137500733","86256.15154101979","93382.03262502793","NA","NA","3515.7606250140816","2559.43266605027","92977.28020802606","93878.16345796455","NA","NA","1432.2549579665065","2559.1224159579724","4580.293665989302","81770.70270804688","NA","90819.953624974","NA","NA","3454.0672909934074","2662.531750043854","2559.509207960218","2662.1550830313936","2630.399415967986","92977.14175004512","NA","92977.0912079839","75301.82416597381","NA","NA","NA","91387.07970804535","91387.20724999439","NA","NA","NA","NA","ReactionTimeTask","74","65859.05712307431","100","1","yes","50","1024"
"NA","74.50980392156863","74.50980392156863","656.799622553681","656.799622553681","black","yes","psycho","86","psycho","psycho","0","uniform","1","0","NA","NA","undefined","undefined","1","NA","NA","space","undefined","1","NA","33","33","NA","33","NA","33","NA","NA","NA","0","3","0","33","NA","NA","NA","NA","NA","NA","NA","NA","NA","NA","NA","0","0","NA","NA","NA","33","33","NA","NA","NA","0","0","0","NA","0","0","33","0","NA","0","0","33","3","NA","NA","0","0","0","29","0","33","NA","NA","0","0","0","0","0","33","NA","33","33","NA","NA","NA","33","33","0","NA","0","NA","NA","NA","NA","Mon Aug 23 13:47:59 2021","NA","The main experiment item","yes","0","","PIPmanip3.osexp","/Users/alex/Documents/GitHub/PIP/Stimulus code","no","mono","no","18","no","white","no","yes","768","None","895.862820006536","854.137179993464","psycho","blank","0","3","3","0","0","29","1","/Users/alex/Documents/GitHub/PIP/Stimulus code/subject-0.csv","psycho","Lentiform Loewenfeld","3.3.8","0","space","None","NA","NA","NA","NA","space","NA","NA","space","space","0","NA","NA","space","NA","NA","680.3189170313999","895.0194159988314","NA","NA","NA","NA","1506.0178330168128","NA","NA","1053.9763750275597","680.3189170313999","NA","NA","782.8745410079136","NA","NA","215.96566692460328","NA","return","NA","blank","2","psycho","-450","0","GO","1024","2","48000","-16","experiment","NA","0","even","94169.54345803242","94169.6950000478","NA","95069.0730829956","NA","94166.77675000392","NA","NA","NA","86256.28066598438","93945.6888330169","NA","95065.2705830289","NA","NA","NA","NA","NA","NA","NA","NA","NA","NA","NA","NA","NA","NA","NA","NA","NA","95065.18499995582","NA","NA","NA","84738.82820794825","1432.0663750404492","NA","NA","86246.38137500733","86256.15154101979","95857.30041598435","NA","NA","3515.7606250140816","2559.43266605027","95172.47404099908","96353.44495798927","NA","NA","1432.2549579665065","2559.1224159579724","4580.293665989302","81770.70270804688","NA","90819.953624974","NA","NA","3454.0672909934074","2662.531750043854","2559.509207960218","2662.1550830313936","2630.399415967986","92977.14175004512","NA","92977.0912079839","95172.32737503946","NA","NA","NA","93949.507500045","93949.62616602425","NA","NA","NA","NA","ReactionTimeTask","76","67650.36112302914","103","0","yes","50","1024"
"NA","74.28571428571429","74.28571428571429","653.4216206615246","653.4216206615246","black","yes","psycho","86","psycho","psycho","0","uniform","1","0","NA","NA","undefined","undefined","1","NA","NA","space","undefined","1","NA","34","34","NA","34","NA","34","NA","NA","NA","0","4","0","34","NA","NA","NA","NA","NA","NA","NA","NA","NA","NA","NA","0","0","NA","NA","NA","34","34","NA","NA","NA","0","0","0","NA","0","0","34","0","NA","0","0","34","4","NA","NA","0","0","0","29","0","34","NA","NA","0","0","0","0","0","34","NA","34","34","NA","NA","NA","34","34","0","NA","0","NA","NA","NA","NA","Mon Aug 23 13:47:59 2021","NA","The main experiment item","yes","0","","PIPmanip3.osexp","/Users/alex/Documents/GitHub/PIP/Stimulus code","no","mono","no","18","no","white","no","yes","768","None","788.7871332409914","961.2128667590086","psycho","circle","0","4","4","0","0","29","1","/Users/alex/Documents/GitHub/PIP/Stimulus code/subject-0.csv","psycho","Lentiform Loewenfeld","3.3.8","0","space","None","NA","NA","NA","NA","space","NA","NA","space","space","0","NA","NA","space","NA","NA","583.518167026341","788.0226250272244","NA","NA","NA","NA","1506.0178330168128","NA","NA","1053.9763750275597","583.518167026341","NA","NA","782.8745410079136","NA","NA","240.78987503889948","NA","return","NA","square","2","psycho","-450","0","pip4","1024","2","48000","-16","experiment","NA","0","even","96668.84429100901","96668.95700001623","NA","97460.22829099093","NA","96666.0901659634","NA","NA","NA","86256.28066598438","96419.48720801156","NA","95065.2705830289","NA","NA","NA","NA","NA","NA","NA","NA","NA","NA","NA","NA","NA","NA","NA","NA","NA","97457.43287494406","NA","NA","NA","84738.82820794825","1432.0663750404492","NA","NA","86246.38137500733","86256.15154101979","98151.86695801094","NA","NA","3515.7606250140816","2559.43266605027","97563.69654100854","98648.02183303982","NA","NA","1432.2549579665065","2559.1224159579724","4580.293665989302","81770.70270804688","NA","90819.953624974","NA","NA","3454.0672909934074","2662.531750043854","2559.509207960218","2662.1550830313936","2630.399415967986","97563.57412494253","NA","97563.53208294604","95172.32737503946","NA","NA","NA","96423.87412500102","96424.0061249584","NA","NA","NA","NA","ReactionTimeTask","78","69262.69179012161","106","1","yes","50","1024"
"NA","74.07407407407408","74.07407407407408","650.0268837804437","650.0268837804437","black","yes","psycho","86","psycho","psycho","0","uniform","1","0","NA","NA","undefined","undefined","1","NA","NA","space","undefined","1","NA","35","35","NA","35","NA","35","NA","NA","NA","0","5","0","35","NA","NA","NA","NA","NA","NA","NA","NA","NA","NA","NA","0","0","NA","NA","NA","35","35","NA","NA","NA","0","0","0","NA","0","0","35","0","NA","0","0","35","5","NA","NA","0","0","0","29","0","35","NA","NA","0","0","0","0","0","35","NA","35","35","NA","NA","NA","35","35","0","NA","0","NA","NA","NA","NA","Mon Aug 23 13:47:59 2021","NA","The main experiment item","yes","0","","PIPmanip3.osexp","/Users/alex/Documents/GitHub/PIP/Stimulus code","no","mono","no","18","no","white","no","yes","768","None","801.9904571424255","948.0095428575745","psycho","circle","0","5","5","0","0","29","1","/Users/alex/Documents/GitHub/PIP/Stimulus code/subject-0.csv","psycho","Lentiform Loewenfeld","3.3.8","0","space","None","NA","NA","NA","NA","space","NA","NA","space","space","0","NA","NA","space","NA","NA","548.970332951285","801.0392090072855","NA","NA","NA","NA","1506.0178330168128","NA","NA","1053.9763750275597","548.970332951285","NA","NA","782.8745410079136","NA","NA","240.22899998817593","NA","return","NA","square","2","psycho","-450","0","pip3","1024","2","48000","-16","experiment","NA","0","even","98961.74058294855","98961.85516600963","NA","99767.6218750421","NA","98958.95925001241","NA","NA","NA","86256.28066598438","98713.92975002527","NA","95065.2705830289","NA","NA","NA","NA","NA","NA","NA","NA","NA","NA","NA","NA","NA","NA","NA","NA","NA","99763.36033304688","NA","NA","NA","84738.82820794825","1432.0663750404492","NA","NA","86246.38137500733","86256.15154101979","100424.69216603786","NA","NA","3515.7606250140816","2559.43266605027","99871.13125005271","100919.9071660405","NA","NA","1432.2549579665065","2559.1224159579724","4580.293665989302","81770.70270804688","NA","90819.953624974","NA","NA","3454.0672909934074","2662.531750043854","2559.509207960218","2662.1550830313936","2630.399415967986","99871.00849999115","NA","99870.96800003201","95172.32737503946","NA","NA","NA","98717.3862910131","98717.51079102978","NA","NA","NA","NA","ReactionTimeTask","80","70852.93033206835","109","1","yes","50","1024"
"NA","74.77477477477477","74.77477477477477","649.8845662042315","649.8845662042315","black","yes","psycho","86","psycho","psycho","0","uniform","1","1","NA","NA","undefined","undefined","1","NA","NA","None","undefined","1","NA","36","36","NA","36","NA","36","NA","NA","NA","0","6","0","36","NA","NA","NA","NA","NA","NA","NA","NA","NA","NA","NA","0","0","NA","NA","NA","36","36","NA","NA","NA","0","0","0","NA","0","0","36","0","NA","0","0","36","6","NA","NA","0","0","0","29","0","36","NA","NA","0","0","0","0","0","36","NA","36","36","NA","NA","NA","36","36","0","NA","0","NA","NA","NA","NA","Mon Aug 23 13:47:59 2021","NA","The main experiment item","yes","0","","PIPmanip3.osexp","/Users/alex/Documents/GitHub/PIP/Stimulus code","no","mono","no","18","no","white","no","yes","768","space","695.1032539911289","1054.896746008871","psycho","triangle","0","6","6","0","0","29","1","/Users/alex/Documents/GitHub/PIP/Stimulus code/subject-0.csv","psycho","Lentiform Loewenfeld","3.3.8","0","None","None","NA","NA","NA","NA","space","NA","NA","space","None","0","NA","NA","space","NA","NA","1000.026874942705","695.0119578978047","NA","NA","NA","NA","1506.0178330168128","NA","NA","1053.9763750275597","1000.026874942705","NA","NA","782.8745410079136","NA","NA","239.10224996507168","NA","return","NA","square","2","psycho","-450","0","blank","1024","2","48000","-16","experiment","NA","0","even","101234.04612496961","101234.16270804591","NA","101932.44754103944","NA","101231.27245798241","NA","NA","NA","86256.28066598438","100986.9542500237","NA","95065.2705830289","NA","NA","NA","NA","NA","NA","NA","NA","NA","NA","NA","NA","NA","NA","NA","NA","NA","101929.64591598138","NA","NA","NA","84738.82820794825","1432.0663750404492","NA","NA","86246.38137500733","86256.15154101979","103040.20866600331","NA","NA","3515.7606250140816","2559.43266605027","102035.97662504762","103536.3833749434","NA","NA","1432.2549579665065","2559.1224159579724","4580.293665989302","81770.70270804688","NA","90819.953624974","NA","NA","3454.0672909934074","2662.531750043854","2559.509207960218","2662.1550830313936","2630.399415967986","102035.86058295332","NA","102035.8220830094","95172.32737503946","NA","NA","NA","100990.84924999624","100990.9683750011","NA","NA","NA","NA","ReactionTimeTask","83","72787.07141487394","112","1","yes","50","1024"
"NA","75.43859649122807","75.43859649122807","651.0152268071619","651.0152268071619","black","yes","psycho","86","psycho","psycho","0","uniform","1","1","NA","NA","undefined","undefined","1","NA","NA","None","undefined","1","NA","37","37","NA","37","NA","37","NA","NA","NA","0","7","0","37","NA","NA","NA","NA","NA","NA","NA","NA","NA","NA","NA","0","0","NA","NA","NA","37","37","NA","NA","NA","0","0","0","NA","0","0","37","0","NA","0","0","37","7","NA","NA","0","0","0","29","0","37","NA","NA","0","0","0","0","0","37","NA","37","37","NA","NA","NA","37","37","0","NA","0","NA","NA","NA","NA","Mon Aug 23 13:47:59 2021","NA","The main experiment item","yes","0","","PIPmanip3.osexp","/Users/alex/Documents/GitHub/PIP/Stimulus code","no","mono","no","18","no","white","no","yes","768","space","622.1035232949815","1127.8964767050184","psycho","square","0","7","7","0","0","29","1","/Users/alex/Documents/GitHub/PIP/Stimulus code/subject-0.csv","psycho","Lentiform Loewenfeld","3.3.8","0","None","None","NA","NA","NA","NA","space","NA","NA","space","None","0","NA","NA","space","NA","NA","1000.0095419818535","622.0382089959458","NA","NA","NA","NA","1506.0178330168128","NA","NA","1053.9763750275597","1000.0095419818535","NA","NA","782.8745410079136","NA","NA","457.6319169718772","NA","return","NA","triangle","2","psycho","-450","0","pip4","1024","2","48000","-16","experiment","NA","0","even","104068.35766602308","104068.4716659598","NA","104693.82325001061","NA","104065.62395801302","NA","NA","NA","86256.28066598438","103602.94445801992","NA","95065.2705830289","NA","NA","NA","NA","NA","NA","NA","NA","NA","NA","NA","NA","NA","NA","NA","NA","NA","104691.00608304143","NA","NA","NA","84738.82820794825","1432.0663750404492","NA","NA","86246.38137500733","86256.15154101979","105801.62545794155","NA","NA","3515.7606250140816","2559.43266605027","104797.24733298644","106297.76154097635","NA","NA","1432.2549579665065","2559.1224159579724","4580.293665989302","81770.70270804688","NA","90819.953624974","NA","NA","3454.0672909934074","2662.531750043854","2559.509207960218","2662.1550830313936","2630.399415967986","104797.13249998167","NA","104797.09362494759","95172.32737503946","NA","NA","NA","103606.58808297012","103606.7261659773","NA","NA","NA","NA","ReactionTimeTask","86","74866.75108282361","115","1","yes","50","1024"
"NA","76.06837606837607","76.06837606837607","657.365505997944","657.365505997944","black","yes","psycho","86","psycho","psycho","0","uniform","1","1","NA","NA","undefined","undefined","1","NA","NA","None","undefined","1","NA","38","38","NA","38","NA","38","NA","NA","NA","0","8","0","38","NA","NA","NA","NA","NA","NA","NA","NA","NA","NA","NA","0","0","NA","NA","NA","38","38","NA","NA","NA","0","0","0","NA","0","0","38","0","NA","0","0","38","8","NA","NA","0","0","0","29","0","38","NA","NA","0","0","0","0","0","38","NA","38","38","NA","NA","NA","38","38","0","NA","0","NA","NA","NA","NA","Mon Aug 23 13:47:59 2021","NA","The main experiment item","yes","0","","PIPmanip3.osexp","/Users/alex/Documents/GitHub/PIP/Stimulus code","no","mono","no","18","no","white","no","yes","768","space","1329.277720650459","420.72227934954094","psycho","triangle","0","8","8","0","0","29","1","/Users/alex/Documents/GitHub/PIP/Stimulus code/subject-0.csv","psycho","Lentiform Loewenfeld","3.3.8","0","None","None","NA","NA","NA","NA","space","NA","NA","space","None","0","NA","NA","space","NA","NA","1000.0416249968112","1329.0577499428764","NA","NA","NA","NA","1506.0178330168128","NA","NA","1053.9763750275597","1000.0416249968112","NA","NA","782.8745410079136","NA","NA","373.27924999408424","NA","return","NA","square","2","psycho","-450","0","blank","1024","2","48000","-16","experiment","NA","0","even","106746.15491600707","106746.26583303325","NA","108081.25816599932","NA","106743.30716603436","NA","NA","NA","86256.28066598438","106364.87070797011","NA","95065.2705830289","NA","NA","NA","NA","NA","NA","NA","NA","NA","NA","NA","NA","NA","NA","NA","NA","NA","108075.81729104277","NA","NA","NA","84738.82820794825","1432.0663750404492","NA","NA","86246.38137500733","86256.15154101979","109188.68274998385","NA","NA","3515.7606250140816","2559.43266605027","108184.86625002697","109684.55854104832","NA","NA","1432.2549579665065","2559.1224159579724","4580.293665989302","81770.70270804688","NA","90819.953624974","NA","NA","3454.0672909934074","2662.531750043854","2559.509207960218","2662.1550830313936","2630.399415967986","108184.74145804066","NA","108184.69625001308","95172.32737503946","NA","NA","NA","106368.48745797761","106368.61162504647","NA","NA","NA","NA","ReactionTimeTask","89","77569.12970775738","118","1","yes","50","1024"
"NA","75.83333333333333","75.83333333333333","654.483145998583","654.483145998583","black","yes","psycho","86","psycho","psycho","0","uniform","1","0","NA","NA","undefined","undefined","1","NA","NA","space","undefined","1","NA","39","39","NA","39","NA","39","NA","NA","NA","0","9","0","39","NA","NA","NA","NA","NA","NA","NA","NA","NA","NA","NA","0","0","NA","NA","NA","39","39","NA","NA","NA","0","0","0","NA","0","0","39","0","NA","0","0","39","9","NA","NA","0","0","0","29","0","39","NA","NA","0","0","0","0","0","39","NA","39","39","NA","NA","NA","39","39","0","NA","0","NA","NA","NA","NA","Mon Aug 23 13:47:59 2021","NA","The main experiment item","yes","0","","PIPmanip3.osexp","/Users/alex/Documents/GitHub/PIP/Stimulus code","no","mono","no","18","no","white","no","yes","768","None","743.6479744014121","1006.3520255985879","psycho","circle","0","9","9","0","0","29","1","/Users/alex/Documents/GitHub/PIP/Stimulus code/subject-0.csv","psycho","Lentiform Loewenfeld","3.3.8","0","space","None","NA","NA","NA","NA","space","NA","NA","space","space","0","NA","NA","space","NA","NA","539.7399580106139","743.047166033648","NA","NA","NA","NA","1506.0178330168128","NA","NA","1053.9763750275597","539.7399580106139","NA","NA","782.8745410079136","NA","NA","340.5438340269029","NA","return","NA","triangle","2","psycho","-450","0","pip4","1024","2","48000","-16","experiment","NA","0","even","110099.23929104116","110099.35525001492","NA","110846.82720794808","NA","110096.53291595168","NA","NA","NA","86256.28066598438","109751.04787503369","NA","95065.2705830289","NA","NA","NA","NA","NA","NA","NA","NA","NA","NA","NA","NA","NA","NA","NA","NA","NA","110842.8917080164","NA","NA","NA","84738.82820794825","1432.0663750404492","NA","NA","86246.38137500733","86256.15154101979","111494.65925002005","NA","NA","3515.7606250140816","2559.43266605027","110950.32362500206","111990.82575005013","NA","NA","1432.2549579665065","2559.1224159579724","4580.293665989302","81770.70270804688","NA","90819.953624974","NA","NA","3454.0672909934074","2662.531750043854","2559.509207960218","2662.1550830313936","2630.399415967986","110950.2016659826","NA","110950.16083295923","95172.32737503946","NA","NA","NA","109754.61887498386","109754.74379095249","NA","NA","NA","NA","ReactionTimeTask","91","79192.46066582855","121","1","yes","50","1024"
"NA","74.79674796747967","74.79674796747967","653.8225802960956","653.8225802960956","black","yes","psycho","86","psycho","psycho","0","uniform","0","0","NA","NA","undefined","undefined","0","NA","NA","space","undefined","1","NA","40","40","NA","40","NA","40","NA","NA","NA","0","10","0","40","NA","NA","NA","NA","NA","NA","NA","NA","NA","NA","NA","0","0","NA","NA","NA","40","40","NA","NA","NA","0","0","0","NA","0","0","40","0","NA","0","0","40","10","NA","NA","0","0","0","29","0","40","NA","NA","0","0","0","0","0","40","NA","40","40","NA","NA","NA","40","40","0","NA","0","NA","NA","NA","NA","Mon Aug 23 13:47:59 2021","NA","The main experiment item","yes","0","","PIPmanip3.osexp","/Users/alex/Documents/GitHub/PIP/Stimulus code","no","mono","no","18","no","white","no","yes","768","None","645.8333244496671","1104.166675550333","psycho","blank","0","10","10","0","0","29","1","/Users/alex/Documents/GitHub/PIP/Stimulus code/subject-0.csv","psycho","Lentiform Loewenfeld","3.3.8","0","None","None","NA","NA","NA","NA","space","NA","NA","space","None","0","NA","NA","space","NA","NA","1000.0226249685511","645.0230829650536","NA","NA","NA","NA","1506.0178330168128","NA","NA","1053.9763750275597","1000.0226249685511","NA","NA","782.8745410079136","NA","NA","236.49358295369893","NA","return","NA","blank","2","psycho","-450","0","GO","1024","2","48000","-16","experiment","NA","0","even","112303.39558294509","112303.50337503478","NA","112952.054666006","NA","112300.63204094768","NA","NA","NA","86256.28066598438","112058.2377499668","NA","112949.14566597436","NA","NA","NA","NA","NA","NA","NA","NA","NA","NA","NA","NA","NA","NA","NA","NA","NA","112949.05433303211","NA","NA","NA","84738.82820794825","1432.0663750404492","NA","NA","86246.38137500733","86256.15154101979","111494.65925002005","NA","NA","3515.7606250140816","2559.43266605027","113055.28308299836","114554.88520802464","NA","NA","1432.2549579665065","2559.1224159579724","4580.293665989302","81770.70270804688","NA","114058.73149994295","NA","NA","3454.0672909934074","2662.531750043854","2559.509207960218","2662.1550830313936","2630.399415967986","110950.2016659826","NA","110950.16083295923","113055.15925004147","NA","NA","NA","112062.72737495601","112062.87683302071","NA","NA","NA","NA","ReactionTimeTask","92","81073.99995671585","124","0","yes","50","1024"
"NA","74.60317460317461","74.60317460317461","655.2887591707528","655.2887591707528","black","yes","psycho","86","psycho","psycho","0","uniform","1","0","NA","NA","undefined","undefined","1","NA","NA","space","undefined","1","NA","41","41","NA","41","NA","41","NA","NA","NA","0","11","0","41","NA","NA","NA","NA","NA","NA","NA","NA","NA","NA","NA","0","0","NA","NA","NA","41","41","NA","NA","NA","0","0","0","NA","0","0","41","0","NA","0","0","41","11","NA","NA","0","0","0","29","0","41","NA","NA","0","0","0","0","0","41","NA","41","41","NA","NA","NA","41","41","0","NA","0","NA","NA","NA","NA","Mon Aug 23 13:47:59 2021","NA","The main experiment item","yes","0","","PIPmanip3.osexp","/Users/alex/Documents/GitHub/PIP/Stimulus code","no","mono","no","18","no","white","no","yes","768","None","1395.8256161510117","354.1743838489883","psycho","blank","0","11","11","0","0","29","1","/Users/alex/Documents/GitHub/PIP/Stimulus code/subject-0.csv","psycho","Lentiform Loewenfeld","3.3.8","0","space","None","NA","NA","NA","NA","space","NA","NA","space","space","0","NA","NA","space","NA","NA","468.7222079373896","1395.0245421146974","NA","NA","NA","NA","1506.0178330168128","NA","NA","1053.9763750275597","468.7222079373896","NA","NA","782.8745410079136","NA","NA","283.9257079176605","NA","return","NA","blank","2","psycho","-450","0","GO","1024","2","48000","-16","experiment","NA","0","even","114916.56562499702","114916.67970793787","NA","116318.25937505346","NA","114911.7255830206","NA","NA","NA","86256.28066598438","114621.84654094744","NA","116312.33595800586","NA","NA","NA","NA","NA","NA","NA","NA","NA","NA","NA","NA","NA","NA","NA","NA","NA","116312.24949995521","NA","NA","NA","84738.82820794825","1432.0663750404492","NA","NA","86246.38137500733","86256.15154101979","116894.94999998715","NA","NA","3515.7606250140816","2559.43266605027","116421.65720800404","117391.08829095494","NA","NA","1432.2549579665065","2559.1224159579724","4580.293665989302","81770.70270804688","NA","114058.73149994295","NA","NA","3454.0672909934074","2662.531750043854","2559.509207960218","2662.1550830313936","2630.399415967986","110950.2016659826","NA","110950.16083295923","116421.50887497701","NA","NA","NA","114626.24975002836","114626.38625002","NA","NA","NA","NA","ReactionTimeTask","94","83221.6724146856","127","0","yes","50","1024"
"NA","74.4186046511628","74.4186046511628","654.6515688980714","654.6515688980714","black","yes","psycho","86","psycho","psycho","0","uniform","1","0","NA","NA","undefined","undefined","1","NA","NA","space","undefined","1","NA","42","42","NA","42","NA","42","NA","NA","NA","0","12","0","42","NA","NA","NA","NA","NA","NA","NA","NA","NA","NA","NA","0","0","NA","NA","NA","42","42","NA","NA","NA","0","0","0","NA","0","0","42","0","NA","0","0","42","12","NA","NA","0","0","0","29","0","42","NA","NA","0","0","0","0","0","42","NA","42","42","NA","NA","NA","42","42","0","NA","0","NA","NA","NA","NA","Mon Aug 23 13:47:59 2021","NA","The main experiment item","yes","0","","PIPmanip3.osexp","/Users/alex/Documents/GitHub/PIP/Stimulus code","no","mono","no","18","no","white","no","yes","768","None","981.0782993819652","768.9217006180348","psycho","square","0","12","12","0","0","29","1","/Users/alex/Documents/GitHub/PIP/Stimulus code/subject-0.csv","psycho","Lentiform Loewenfeld","3.3.8","0","space","None","NA","NA","NA","NA","space","NA","NA","space","space","0","NA","NA","space","NA","NA","528.3238750416785","981.0379589907825","NA","NA","NA","NA","1506.0178330168128","NA","NA","1053.9763750275597","528.3238750416785","NA","NA","782.8745410079136","NA","NA","373.6697080312297","NA","return","NA","circle","2","psycho","-450","0","pip3","1024","2","48000","-16","experiment","NA","0","even","117838.53666600771","117838.64966605324","NA","118823.82466597483","NA","117835.78770793974","NA","NA","NA","86256.28066598438","117457.20558299217","NA","116312.33595800586","NA","NA","NA","NA","NA","NA","NA","NA","NA","NA","NA","NA","NA","NA","NA","NA","NA","118820.21429098677","NA","NA","NA","84738.82820794825","1432.0663750404492","NA","NA","86246.38137500733","86256.15154101979","119460.4240830522","NA","NA","3515.7606250140816","2559.43266605027","118927.36679094378","119956.55450003687","NA","NA","1432.2549579665065","2559.1224159579724","4580.293665989302","81770.70270804688","NA","114058.73149994295","NA","NA","3454.0672909934074","2662.531750043854","2559.509207960218","2662.1550830313936","2630.399415967986","118927.24308301695","NA","118927.19758301973","116421.50887497701","NA","NA","NA","117460.72845801245","117460.85233299527","NA","NA","NA","NA","ReactionTimeTask","96","85104.70395674929","130","1","yes","50","1024"
